{"cameraMode":{"drawMode":0,"name":"Shaded","section":"Shading Mode"},"sceneLighting":true,"audioPlay":false,"sceneViewState":{"showFog":true,"showMaterialUpdate":true,"showSkybox":true,"showFlares":true,"showImageEffects":true,"showParticleSystems":true},"in2DMode":false,"pivot":{"x":510.71136474609377,"y":66.10912322998047,"z":409.81781005859377},"rotation":{"x":0.005978933535516262,"y":0.992397129535675,"z":-0.05364178121089935,"w":0.11061079055070877},"size":10.323009490966797,"orthographic":false}