{"cameraMode":{"drawMode":0,"name":"Shaded","section":"Shading Mode"},"sceneLighting":true,"audioPlay":false,"sceneViewState":{"showFog":true,"showMaterialUpdate":true,"showSkybox":true,"showFlares":true,"showImageEffects":true,"showParticleSystems":true},"in2DMode":false,"pivot":{"x":994.920654296875,"y":-117.68196868896485,"z":531.7427978515625},"rotation":{"x":0.08820203691720963,"y":0.735776424407959,"z":-0.0976904109120369,"w":0.6643103361129761},"size":230.30738830566407,"orthographic":false}